{
	"maxplayers" : 100,
	"name" : "undefined Server", 
	"gamemode" : "undefined", 
	"stream-distance" : 500.0,
	"announce" : false,
	"host": "127.0.0.1",
	"express": 22108,
	"port": 22005,
	"obfuscate": false,
	"debugging": false,
	"undefined": {
		"defaultSpawn": {"x":-20.625123977661133,"y":204.7466583251953,"z":106.55345153808594}
	}
}